<?xml version="1.0"?>
<!DOCTYPE asptml SYSTEM "/epoc32/tools/cshlpcmp/dtd/asptml.dtd">
<?xml:stylesheet href="/epoc32/tools/cshlpcmp/xsl/asptml.xsl" title="asptml" type="text/xsl"?>
<asptml>
<uid value="0xECAA1827"/>
<topic><category>Benchmark</category><topictitle>General Information</topictitle>
<synonyms>General Information</synonyms>
<context contextUID="General_Information"/>
<index>General Information</index>
<p>Benchmark test perfromance of GigaBASE at Symbian OS</p>
<p>It performs basic operation insert records, search record by key, sequential search and remove records</p>
<p></p>
</topic>
</asptml>
