<?xml version="1.0"?>
<!DOCTYPE cshlp SYSTEM "file:///C:/Symbian/9.2/S60_3rd_FP1/epoc32/tools/cshlpcmp/dtd/cshlp.dtd">
<?xml:stylesheet href="file:///C:/Symbian/9.2/S60_3rd_FP1/epoc32/tools/cshlpcmp/xsl/cshlp.xsl" title="cshlp" type="text/xsl"?>
<cshlp helpfileUID="3970570279">


<topic topicID="1" categoryUID="3970570279"><category>Benchmark</category><topictitle>General Information</topictitle>
<synonyms>General Information</synonyms>


<p font="sansserif" style="normal" size="10" color="foreground" justify="left" spacing="10" before="5" after="0" left="0" right="0">Benchmark test perfromance of GigaBASE at Symbian OS</p>
<p font="sansserif" style="normal" size="10" color="foreground" justify="left" spacing="10" before="5" after="0" left="0" right="0">It performs basic operation insert records, search record by key, sequential search and remove records</p>
<p font="sansserif" style="normal" size="10" color="foreground" justify="left" spacing="10" before="5" after="0" left="0" right="0"/>
</topic>
<uid value="3970570279"/>
<context contextUID="General_Information" topicID="1"/>
<indexlink topicID="1" indexID="0" categoryUID="3970570279">General Information</indexlink>
<index indexID="0">General Information</index>

<customization><titlestyle fontstyle="sansserif" size="10"/>
<listbullet1style bulletchar="8226"/>
<listbullet2style bulletchar="8226"/>
<lists leftindent="20"/>
<body font="sansserif" style="normal" size="10" color="foreground" justify="left" spacing="10" before="5" after="0" left="0" right="0"></body>
</customization>
<mbmlist/></cshlp>
