<?xml version="1.0" encoding="UTF-8"?>
<section name="root">
	<section name="CodeScannerPropertyPage">
		<item key="CodeScanerHTMLResults" value="false"/>
		<item key="CodeScannerResultsFolder" value=""/>
		<item key="CodeScannerRulesEnabled" value="1:1:1:1:1:1:1:1:1:1:1:1:1:1:1:1:1:1:1:1:1:1:1:1:1:1:1:1:1:1:1:1:1:1:1:1:1:1:1:1:1:1:1:1:1:1:1:1:1:1:1:1:1:1:1:1:1:1:1:1:1:1:1:1:1:1:1:1:1:1:1:1:1:1:1:1:1:1:1:1:1:1:1:1:1:1:1:1:1:1:1:1:1:1:1:1:1:1:1:"/>
		<item key="CodeScannerLFunctionIgnore" value="RunL"/>
		<item key="CodeScannerFolder" value="C:\Apps\Nokia\Carbide.c++ v2.0\plugins\com.nokia.carbide.cpp.codescanner_1.4.0.014\tools\"/>
		<item key="CodeScannerWorryingComments" value="kludge|workaround|\scrap|hack"/>
		<item key="CodeScannerRuleSeverities" value="low:low:low:low:medium:low:low:low:low:low:low:low:low:high:medium:low:low:high:medium:medium:low:high:high:low:low:medium:medium:low:low:medium:medium:low:low:low:low:low:low:low:high:low:low:high:medium:low:low:low:low:low:high:low:low:high:low:low:low:medium:medium:low:low:low:low:low:low:low:low:high:medium:low:low:low:low:high:high:high:low:low:high:low:low:low:low:low:medium:low:low:high:medium:low:medium:low:medium:medium:low:medium:low:low:low:low:low:"/>
		<item key="CodeScannerRuleCategories" value="codereview:codereview:codereview:codereview:performance:codereview:codingstandards:codingstandards:codereview:codereview:codereview:codingstandards:codereview:canpanic:functionality:codingstandards:codingstandards:canpanic:functionality:performance:codingstandards:canpanic:canpanic:codereview:codingstandards:localisation:performance:codingstandards:codingstandards:functionality:functionality:codereview:codingstandards:codereview:codereview:codingstandards:codingstandards:codingstandards:canpanic:codereview:codingstandards:canpanic:functionality:codereview:codereview:codingstandards:codingstandards:codingstandards:canpanic:codingstandards:codingstandards:canpanic:codingstandards:codereview:codingstandards:functionality:functionality:codingstandards:codingstandards:codereview:codingstandards:codingstandards:codereview:codereview:codingstandards:canpanic:performance:codingstandards:codingstandards:codereview:codingstandards:canpanic:canpanic:canpanic:codereview:codingstandards:canpanic:codereview:codereview:codingstandards:codereview:codingstandards:functionality:codingstandards:codereview:panic:performance:codingstandards:functionality:codereview:performance:performance:codereview:performance:codereview:codereview:codingstandards:codingstandards:codereview:"/>
		<item key="CodeScannerOpenIgnore" value="RDesReadStream|RDesWriteStream"/>
		<item key="CodeScannerLongLinesLength" value="160"/>
		<item key="CodeScannerCClassIgnore" value="CBase"/>
		<item key="CodeScannerForbiddenWords" value="Typhoon|Hurricane|Epoc|Nokia Mobile Phones|NMP"/>
		<item key="CodeScannerFileFilters" value=".*\.au:.*\.avi:.*\.bat:.*\.bin:.*\.bmp:.*\.cmd:.*\.dll:.*\.doc:.*\.exe:.*\.gif:.*\.jpg:.*\.lib:.*\.log:.*\.mbm:.*\.mp3:.*\.mpg:.*\.png:.*\.raw:.*\.rtf:.*\.tif:.*\.wav:.*\.wbmp:.*\.wmf:.*\.xls:.*\.zip:"/>
		<item key="CodeScannerRuleScripts" value="accessArrayElementWithoutCheck:accessArrayElementWithoutCheck2:activestart:activestop:arraypassing:arrayptrcleanup:assertdebuginvariant:baddefines:baseconstruct:callActiveObjectWithoutCheckingOrStopping:changenotification:cleanup:commentcode:connect:ConnectAndDontCloseMemberVariable:constnames:consttdescptr:controlornull:ctltargettype:debugrom:declarename:deleteMemberVariable:destructor:doubleSemiColon:driveletters:eikbuttons:eikonenvstatic:enummembers:enumnames:exportinline:exportpurevirtual:foff:forbiddenwords:forgottoputptroncleanupstack:friend:goto:ifassignments:ifpreprocessor:inheritanceorder:intleaves:jmp:leave:LeaveNoError:leavingoperators:LFunctionCantLeave:longlines:magicnumbers:mclassdestructor:memberlc:membervariablecallld:missingcancel:missingcclass:mmpsourcepath:multilangrsc:multipledeclarations:multipleinheritance:mydocs:namespace:newlreferences:noleavetrap:nonconsthbufc:nonconsttdesc:nonleavenew:nonunicodeskins:null:open:pointertoarrays:pragmadisable:pragmamessage:pragmaother:privateinheritance:pushaddrvar:pushmember:readresource:resourcenotoncleanupstack:resourcesonheap:returndescriptoroutofscope:rfs:rssnames:stringliterals:stringsinresourcefiles:struct:tcclasses:tclassdestructor:todocomments:trapcleanup:trapeleave:traprunl:trspassing:uids:uncompressedaif:uncompressedbmp:unicodesource:userafter:userfree:userWaitForRequest:variablenames:voidparameter:worryingcomments:"/>
		<item key="CodeScannerXMLResults" value="false"/>
		<item key="CodeScannerProjectSettings" value="false"/>
		<item key="CodeScannerKnowledgeBaseScanning" value="false"/>
		<item key="CodeScannerAutoscan" value="false"/>
	</section>
</section>
